{
    "train_loss": [
        0.61386136094044,
        0.45308236931932383,
        0.40880742078197413,
        0.35306529469531156,
        0.29545090475986746,
        0.2683131057640602,
        0.243903748691082,
        0.2181892260138331,
        0.19426719523195563,
        0.19357831185234003,
        0.1751110814511776,
        0.15868714580248142,
        0.16208382394036341,
        0.13104591447988462,
        0.13001682204676085,
        0.11717040242691493,
        0.11761561723361755,
        0.11737420686103146,
        0.09681072375126953,
        0.09153724580617814,
        0.08700878015751469,
        0.10048099838454148,
        0.08243308688417592,
        0.07107075846529212,
        0.07484444509388814,
        0.06696171466068461,
        0.06963307087727148,
        0.06923161318589902,
        0.07178811769097529,
        0.06114894352403694,
        0.060946496845833184,
        0.061953058321799696,
        0.06155192718744792,
        0.04912114090382539,
        0.04908190369766591
    ],
    "train_acc": [
        0.6613685344827587,
        0.7936422413793104,
        0.8186961206896551,
        0.8450969827586207,
        0.8771551724137931,
        0.8898168103448276,
        0.8989762931034483,
        0.9124461206896551,
        0.9210668103448276,
        0.9261853448275862,
        0.9348060344827587,
        0.9420797413793104,
        0.9348060344827587,
        0.951239224137931,
        0.9560883620689655,
        0.9593211206896551,
        0.9560883620689655,
        0.959051724137931,
        0.9679418103448276,
        0.9698275862068966,
        0.96875,
        0.9647090517241379,
        0.970635775862069,
        0.9792564655172413,
        0.9749461206896551,
        0.9779094827586207,
        0.9781788793103449,
        0.9779094827586207,
        0.9773706896551724,
        0.9795258620689655,
        0.9792564655172413,
        0.9792564655172413,
        0.9816810344827587,
        0.9832974137931034,
        0.9827586206896551
    ],
    "val_loss": [
        0.5284761448701223,
        0.4938932955265045,
        0.34561209281285604,
        0.34005800584952034,
        0.30924093425273896,
        0.2460228443145752,
        0.24376710255940756,
        0.20350846995910007,
        0.19007563938697178,
        0.18292970607678097,
        0.15049738834301632,
        0.16768421232700348,
        0.12268371880054474,
        0.1306102861960729,
        0.1352671096722285,
        0.1354098399480184,
        0.15351564263304074,
        0.11429287642240524,
        0.12479288230339686,
        0.099848473072052,
        0.1029224582016468,
        0.09393023699522018,
        0.09602185872693857,
        0.07817284489671389,
        0.08754020395378272,
        0.07439548174540202,
        0.10113656061391035,
        0.07985282484441995,
        0.06787671471635501,
        0.06393041722476482,
        0.08179794034610192,
        0.08349409227569898,
        0.05848572365939617,
        0.04577039144933224,
        0.05602087173610926
    ],
    "val_acc": [
        0.7479166666666667,
        0.759375,
        0.8506944444444444,
        0.8555555555555556,
        0.8569444444444444,
        0.9013888888888889,
        0.8934027777777778,
        0.9163194444444444,
        0.9246527777777778,
        0.9222222222222223,
        0.9482638888888889,
        0.9239583333333333,
        0.9597222222222223,
        0.9524305555555556,
        0.9524305555555556,
        0.9534722222222223,
        0.9420138888888889,
        0.9559027777777778,
        0.9472222222222223,
        0.9659722222222222,
        0.9659722222222222,
        0.9659722222222222,
        0.9652777777777778,
        0.9753472222222223,
        0.9684027777777777,
        0.976388888888889,
        0.9677083333333333,
        0.9732638888888889,
        0.9743055555555556,
        0.98125,
        0.9729166666666667,
        0.9663194444444444,
        0.9753472222222223,
        0.984375,
        0.98125
    ]
}