{
    "train_loss": [
        0.4504419463484184,
        0.35190839903510135,
        0.3121615259543709,
        0.3216053929179907,
        0.2847419027886961,
        0.20255964509130497,
        0.10007277685926175,
        0.07567055142919897,
        0.060180763236459586,
        0.04024900901118678
    ],
    "train_acc": [
        0.7782608695652173,
        0.8396739130434783,
        0.8635869565217391,
        0.8548913043478261,
        0.878804347826087,
        0.9260869565217391,
        0.9660326086956522,
        0.9744565217391304,
        0.9807065217391304,
        0.9869565217391304
    ],
    "val_loss": [
        0.3094829932369035,
        0.27991674288079654,
        0.33691488193540736,
        0.24628143719044224,
        0.22506294264618693,
        0.08809465717861494,
        0.06721861772078636,
        0.1837399201226774,
        0.037233652394457625,
        0.0378279776632553
    ],
    "val_acc": [
        0.8814655172413793,
        0.8922413793103449,
        0.8523706896551724,
        0.9030172413793104,
        0.9127155172413793,
        0.96875,
        0.9827586206896551,
        0.9482758620689655,
        0.9870689655172413,
        0.9859913793103449
    ]
}